"state_fips","state_short","state","area","area_type","fips","period","year","employment","labor_force","unemployment"
"20","KS","Kansas","Allen County","county",20001,"May",2020,6076,6570,494
"20","KS","Kansas","Anderson County","county",20003,"May",2020,3918,4148,230
"20","KS","Kansas","Atchison County","county",20005,"May",2020,6341,7045,704
"20","KS","Kansas","Barber County","county",20007,"May",2020,2166,2272,106
"20","KS","Kansas","Barton County","county",20009,"May",2020,12820,13738,918
"20","KS","Kansas","Bourbon County","county",20011,"May",2020,6084,6603,519
"20","KS","Kansas","Brown County","county",20013,"May",2020,5027,5427,400
"20","KS","Kansas","Butler County","county",20015,"May",2020,29345,32961,3616
"20","KS","Kansas","Chase County","county",20017,"May",2020,1554,1677,123
"20","KS","Kansas","Chautauqua County","county",20019,"May",2020,1351,1482,131
"20","KS","Kansas","Cherokee County","county",20021,"May",2020,9299,10194,895
"20","KS","Kansas","Cheyenne County","county",20023,"May",2020,1213,1251,38
"20","KS","Kansas","Clark County","county",20025,"May",2020,991,1017,26
"20","KS","Kansas","Clay County","county",20027,"May",2020,3506,3756,250
"20","KS","Kansas","Cloud County","county",20029,"May",2020,3537,3743,206
"20","KS","Kansas","Coffey County","county",20031,"May",2020,3578,3851,273
"20","KS","Kansas","Comanche County","county",20033,"May",2020,846,886,40
"20","KS","Kansas","Cowley County","county",20035,"May",2020,15113,16914,1801
"20","KS","Kansas","Crawford County","county",20037,"May",2020,17468,19052,1584
"20","KS","Kansas","Decatur County","county",20039,"May",2020,1137,1201,64
"20","KS","Kansas","Dickinson County","county",20041,"May",2020,8317,8954,637
"20","KS","Kansas","Doniphan County","county",20043,"May",2020,3761,4064,303
"20","KS","Kansas","Douglas County","county",20045,"May",2020,59185,66036,6851
"20","KS","Kansas","Edwards County","county",20047,"May",2020,1231,1287,56
"20","KS","Kansas","Elk County","county",20049,"May",2020,1077,1158,81
"20","KS","Kansas","Ellis County","county",20051,"May",2020,15929,16914,985
"20","KS","Kansas","Ellsworth County","county",20053,"May",2020,2553,2658,105
"20","KS","Kansas","Finney County","county",20055,"May",2020,19331,20363,1032
"20","KS","Kansas","Ford County","county",20057,"May",2020,15997,16775,778
"20","KS","Kansas","Franklin County","county",20059,"May",2020,13054,14228,1174
"20","KS","Kansas","Geary County","county",20061,"May",2020,10258,11485,1227
"20","KS","Kansas","Gove County","county",20063,"May",2020,1405,1457,52
"20","KS","Kansas","Graham County","county",20065,"May",2020,1040,1114,74
"20","KS","Kansas","Grant County","county",20067,"May",2020,2902,3055,153
"20","KS","Kansas","Gray County","county",20069,"May",2020,3110,3189,79
"20","KS","Kansas","Greeley County","county",20071,"May",2020,774,789,15
"20","KS","Kansas","Greenwood County","county",20073,"May",2020,3011,3263,252
"20","KS","Kansas","Hamilton County","county",20075,"May",2020,1528,1554,26
"20","KS","Kansas","Harper County","county",20077,"May",2020,2684,2854,170
"20","KS","Kansas","Harvey County","county",20079,"May",2020,15406,16826,1420
"20","KS","Kansas","Haskell County","county",20081,"May",2020,2094,2164,70
"20","KS","Kansas","Hodgeman County","county",20083,"May",2020,951,982,31
"20","KS","Kansas","Jackson County","county",20085,"May",2020,6473,7292,819
"20","KS","Kansas","Jefferson County","county",20087,"May",2020,9115,9899,784
"20","KS","Kansas","Jewell County","county",20089,"May",2020,1210,1264,54
"20","KS","Kansas","Johnson County","county",20091,"May",2020,304656,335847,31191
"20","KS","Kansas","Kearny County","county",20093,"May",2020,1919,2001,82
"20","KS","Kansas","Kingman County","county",20095,"May",2020,3122,3370,248
"20","KS","Kansas","Kiowa County","county",20097,"May",2020,1187,1250,63
"20","KS","Kansas","Labette County","county",20099,"May",2020,9146,9947,801
"20","KS","Kansas","Lane County","county",20101,"May",2020,723,751,28
"20","KS","Kansas","Leavenworth County","county",20103,"May",2020,32563,36369,3806
"20","KS","Kansas","Lincoln County","county",20105,"May",2020,1598,1657,59
"20","KS","Kansas","Linn County","county",20107,"May",2020,3878,4301,423
"20","KS","Kansas","Logan County","county",20109,"May",2020,1531,1585,54
"20","KS","Kansas","Lyon County","county",20111,"May",2020,15745,16958,1213
"20","KS","Kansas","Marion County","county",20115,"May",2020,5665,6018,353
"20","KS","Kansas","Marshall County","county",20117,"May",2020,5087,5330,243
"20","KS","Kansas","Mcpherson County","county",20113,"May",2020,16248,17148,900
"20","KS","Kansas","Meade County","county",20119,"May",2020,1988,2067,79
"20","KS","Kansas","Miami County","county",20121,"May",2020,15629,16987,1358
"20","KS","Kansas","Mitchell County","county",20123,"May",2020,3154,3270,116
"20","KS","Kansas","Montgomery County","county",20125,"May",2020,13342,14982,1640
"20","KS","Kansas","Morris County","county",20127,"May",2020,2796,2956,160
"20","KS","Kansas","Morton County","county",20129,"May",2020,1026,1062,36
"20","KS","Kansas","Nemaha County","county",20131,"May",2020,4864,5097,233
"20","KS","Kansas","Neosho County","county",20133,"May",2020,5580,6134,554
"20","KS","Kansas","Ness County","county",20135,"May",2020,1253,1317,64
"20","KS","Kansas","Norton County","county",20137,"May",2020,2486,2570,84
"20","KS","Kansas","Osage County","county",20139,"May",2020,7169,7774,605
"20","KS","Kansas","Osborne County","county",20141,"May",2020,1888,1969,81
"20","KS","Kansas","Ottawa County","county",20143,"May",2020,2837,3041,204
"20","KS","Kansas","Pawnee County","county",20145,"May",2020,2606,2744,138
"20","KS","Kansas","Phillips County","county",20147,"May",2020,2488,2618,130
"20","KS","Kansas","Pottawatomie County","county",20149,"May",2020,10949,11704,755
"20","KS","Kansas","Pratt County","county",20151,"May",2020,4640,4891,251
"20","KS","Kansas","Rawlins County","county",20153,"May",2020,1391,1441,50
"20","KS","Kansas","Reno County","county",20155,"May",2020,27949,30448,2499
"20","KS","Kansas","Republic County","county",20157,"May",2020,2112,2214,102
"20","KS","Kansas","Rice County","county",20159,"May",2020,4996,5278,282
"20","KS","Kansas","Riley County","county",20161,"May",2020,30818,33478,2660
"20","KS","Kansas","Rooks County","county",20163,"May",2020,2335,2472,137
"20","KS","Kansas","Rush County","county",20165,"May",2020,1485,1580,95
"20","KS","Kansas","Russell County","county",20167,"May",2020,3026,3252,226
"20","KS","Kansas","Saline County","county",20169,"May",2020,28253,30957,2704
"20","KS","Kansas","Scott County","county",20171,"May",2020,2653,2755,102
"20","KS","Kansas","Sedgwick County","county",20173,"May",2020,226161,265208,39047
"20","KS","Kansas","Seward County","county",20175,"May",2020,8732,9355,623
"20","KS","Kansas","Shawnee County","county",20177,"May",2020,81194,90172,8978
"20","KS","Kansas","Sheridan County","county",20179,"May",2020,1335,1374,39
"20","KS","Kansas","Sherman County","county",20181,"May",2020,2626,2746,120
"20","KS","Kansas","Smith County","county",20183,"May",2020,1888,1952,64
"20","KS","Kansas","Stafford County","county",20185,"May",2020,1873,1966,93
"20","KS","Kansas","Stanton County","county",20187,"May",2020,915,941,26
"20","KS","Kansas","Stevens County","county",20189,"May",2020,2608,2701,93
"20","KS","Kansas","Sumner County","county",20191,"May",2020,9846,11312,1466
"20","KS","Kansas","Thomas County","county",20193,"May",2020,3975,4131,156
"20","KS","Kansas","Trego County","county",20195,"May",2020,1250,1324,74
"20","KS","Kansas","Wabaunsee County","county",20197,"May",2020,3293,3516,223
"20","KS","Kansas","Wallace County","county",20199,"May",2020,958,976,18
"20","KS","Kansas","Washington County","county",20201,"May",2020,2829,2927,98
"20","KS","Kansas","Wichita County","county",20203,"May",2020,1273,1299,26
"20","KS","Kansas","Wilson County","county",20205,"May",2020,3661,4056,395
"20","KS","Kansas","Woodson County","county",20207,"May",2020,1526,1664,138
"20","KS","Kansas","Wyandotte County","county",20209,"May",2020,68306,79439,11133
"20","KS","Kansas","Allen County","county",20001,"April",2020,5948,6506,558
"20","KS","Kansas","Anderson County","county",20003,"April",2020,3827,4093,266
"20","KS","Kansas","Atchison County","county",20005,"April",2020,6281,7119,838
"20","KS","Kansas","Barber County","county",20007,"April",2020,2080,2189,109
"20","KS","Kansas","Barton County","county",20009,"April",2020,12641,13690,1049
"20","KS","Kansas","Bourbon County","county",20011,"April",2020,6027,6608,581
"20","KS","Kansas","Brown County","county",20013,"April",2020,4891,5350,459
"20","KS","Kansas","Butler County","county",20015,"April",2020,28435,33259,4824
"20","KS","Kansas","Chase County","county",20017,"April",2020,1495,1662,167
"20","KS","Kansas","Chautauqua County","county",20019,"April",2020,1319,1459,140
"20","KS","Kansas","Cherokee County","county",20021,"April",2020,9149,10215,1066
"20","KS","Kansas","Cheyenne County","county",20023,"April",2020,1142,1180,38
"20","KS","Kansas","Clark County","county",20025,"April",2020,939,963,24
"20","KS","Kansas","Clay County","county",20027,"April",2020,3371,3658,287
"20","KS","Kansas","Cloud County","county",20029,"April",2020,3458,3662,204
"20","KS","Kansas","Coffey County","county",20031,"April",2020,3628,3961,333
"20","KS","Kansas","Comanche County","county",20033,"April",2020,796,832,36
"20","KS","Kansas","Cowley County","county",20035,"April",2020,14913,17345,2432
"20","KS","Kansas","Crawford County","county",20037,"April",2020,17414,19131,1717
"20","KS","Kansas","Decatur County","county",20039,"April",2020,1075,1133,58
"20","KS","Kansas","Dickinson County","county",20041,"April",2020,8091,8795,704
"20","KS","Kansas","Doniphan County","county",20043,"April",2020,3633,4006,373
"20","KS","Kansas","Douglas County","county",20045,"April",2020,58350,65917,7567
"20","KS","Kansas","Edwards County","county",20047,"April",2020,1172,1222,50
"20","KS","Kansas","Elk County","county",20049,"April",2020,1051,1157,106
"20","KS","Kansas","Ellis County","county",20051,"April",2020,15688,16903,1215
"20","KS","Kansas","Ellsworth County","county",20053,"April",2020,2458,2574,116
"20","KS","Kansas","Finney County","county",20055,"April",2020,18988,20188,1200
"20","KS","Kansas","Ford County","county",20057,"April",2020,15673,16414,741
"20","KS","Kansas","Franklin County","county",20059,"April",2020,12895,14227,1332
"20","KS","Kansas","Geary County","county",20061,"April",2020,10219,11463,1244
"20","KS","Kansas","Gove County","county",20063,"April",2020,1336,1403,67
"20","KS","Kansas","Graham County","county",20065,"April",2020,993,1048,55
"20","KS","Kansas","Grant County","county",20067,"April",2020,2759,2882,123
"20","KS","Kansas","Gray County","county",20069,"April",2020,2890,2969,79
"20","KS","Kansas","Greeley County","county",20071,"April",2020,727,742,15
"20","KS","Kansas","Greenwood County","county",20073,"April",2020,2994,3294,300
"20","KS","Kansas","Hamilton County","county",20075,"April",2020,1402,1429,27
"20","KS","Kansas","Harper County","county",20077,"April",2020,2643,2812,169
"20","KS","Kansas","Harvey County","county",20079,"April",2020,14902,16779,1877
"20","KS","Kansas","Haskell County","county",20081,"April",2020,1986,2048,62
"20","KS","Kansas","Hodgeman County","county",20083,"April",2020,888,923,35
"20","KS","Kansas","Jackson County","county",20085,"April",2020,6339,7247,908
"20","KS","Kansas","Jefferson County","county",20087,"April",2020,8904,9914,1010
"20","KS","Kansas","Jewell County","county",20089,"April",2020,1154,1203,49
"20","KS","Kansas","Johnson County","county",20091,"April",2020,299312,334774,35462
"20","KS","Kansas","Kearny County","county",20093,"April",2020,1820,1913,93
"20","KS","Kansas","Kingman County","county",20095,"April",2020,2968,3286,318
"20","KS","Kansas","Kiowa County","county",20097,"April",2020,1128,1186,58
"20","KS","Kansas","Labette County","county",20099,"April",2020,9017,9826,809
"20","KS","Kansas","Lane County","county",20101,"April",2020,672,696,24
"20","KS","Kansas","Leavenworth County","county",20103,"April",2020,31989,36154,4165
"20","KS","Kansas","Lincoln County","county",20105,"April",2020,1544,1602,58
"20","KS","Kansas","Linn County","county",20107,"April",2020,3770,4197,427
"20","KS","Kansas","Logan County","county",20109,"April",2020,1467,1537,70
"20","KS","Kansas","Lyon County","county",20111,"April",2020,15665,16935,1270
"20","KS","Kansas","Marion County","county",20115,"April",2020,5400,5847,447
"20","KS","Kansas","Marshall County","county",20117,"April",2020,4951,5222,271
"20","KS","Kansas","Mcpherson County","county",20113,"April",2020,16071,17066,995
"20","KS","Kansas","Meade County","county",20119,"April",2020,1870,1951,81
"20","KS","Kansas","Miami County","county",20121,"April",2020,15342,16904,1562
"20","KS","Kansas","Mitchell County","county",20123,"April",2020,3058,3167,109
"20","KS","Kansas","Montgomery County","county",20125,"April",2020,13189,15230,2041
"20","KS","Kansas","Morris County","county",20127,"April",2020,2678,2874,196
"20","KS","Kansas","Morton County","county",20129,"April",2020,989,1024,35
"20","KS","Kansas","Nemaha County","county",20131,"April",2020,4686,4949,263
"20","KS","Kansas","Neosho County","county",20133,"April",2020,5455,6066,611
"20","KS","Kansas","Ness County","county",20135,"April",2020,1192,1260,68
"20","KS","Kansas","Norton County","county",20137,"April",2020,2383,2464,81
"20","KS","Kansas","Osage County","county",20139,"April",2020,6988,7764,776
"20","KS","Kansas","Osborne County","county",20141,"April",2020,1801,1886,85
"20","KS","Kansas","Ottawa County","county",20143,"April",2020,2748,2926,178
"20","KS","Kansas","Pawnee County","county",20145,"April",2020,2472,2603,131
"20","KS","Kansas","Phillips County","county",20147,"April",2020,2387,2556,169
"20","KS","Kansas","Pottawatomie County","county",20149,"April",2020,10777,11670,893
"20","KS","Kansas","Pratt County","county",20151,"April",2020,4531,4800,269
"20","KS","Kansas","Rawlins County","county",20153,"April",2020,1319,1371,52
"20","KS","Kansas","Reno County","county",20155,"April",2020,27649,30782,3133
"20","KS","Kansas","Republic County","county",20157,"April",2020,2018,2109,91
"20","KS","Kansas","Rice County","county",20159,"April",2020,4911,5274,363
"20","KS","Kansas","Riley County","county",20161,"April",2020,30516,33405,2889
"20","KS","Kansas","Rooks County","county",20163,"April",2020,2214,2348,134
"20","KS","Kansas","Rush County","county",20165,"April",2020,1435,1566,131
"20","KS","Kansas","Russell County","county",20167,"April",2020,2935,3171,236
"20","KS","Kansas","Saline County","county",20169,"April",2020,27918,30874,2956
"20","KS","Kansas","Scott County","county",20171,"April",2020,2500,2594,94
"20","KS","Kansas","Sedgwick County","county",20173,"April",2020,219653,270060,50407
"20","KS","Kansas","Seward County","county",20175,"April",2020,8527,9071,544
"20","KS","Kansas","Shawnee County","county",20177,"April",2020,79856,90912,11056
"20","KS","Kansas","Sheridan County","county",20179,"April",2020,1251,1292,41
"20","KS","Kansas","Sherman County","county",20181,"April",2020,2521,2640,119
"20","KS","Kansas","Smith County","county",20183,"April",2020,1769,1836,67
"20","KS","Kansas","Stafford County","county",20185,"April",2020,1759,1856,97
"20","KS","Kansas","Stanton County","county",20187,"April",2020,857,878,21
"20","KS","Kansas","Stevens County","county",20189,"April",2020,2447,2534,87
"20","KS","Kansas","Sumner County","county",20191,"April",2020,9493,11502,2009
"20","KS","Kansas","Thomas County","county",20193,"April",2020,3858,4030,172
"20","KS","Kansas","Trego County","county",20195,"April",2020,1205,1289,84
"20","KS","Kansas","Wabaunsee County","county",20197,"April",2020,3186,3449,263
"20","KS","Kansas","Wallace County","county",20199,"April",2020,891,911,20
"20","KS","Kansas","Washington County","county",20201,"April",2020,2685,2796,111
"20","KS","Kansas","Wichita County","county",20203,"April",2020,1151,1180,29
"20","KS","Kansas","Wilson County","county",20205,"April",2020,3551,4369,818
"20","KS","Kansas","Woodson County","county",20207,"April",2020,1473,1616,143
"20","KS","Kansas","Wyandotte County","county",20209,"April",2020,67158,78945,11787
"20","KS","Kansas","Allen County","county",20001,"March",2020,6475,6677,202
"20","KS","Kansas","Anderson County","county",20003,"March",2020,4169,4291,122
"20","KS","Kansas","Atchison County","county",20005,"March",2020,6844,7173,329
"20","KS","Kansas","Barber County","county",20007,"March",2020,2303,2355,52
"20","KS","Kansas","Barton County","county",20009,"March",2020,13757,14164,407
"20","KS","Kansas","Bourbon County","county",20011,"March",2020,6523,6766,243
"20","KS","Kansas","Brown County","county",20013,"March",2020,5341,5487,146
"20","KS","Kansas","Butler County","county",20015,"March",2020,31839,32811,972
"20","KS","Kansas","Chase County","county",20017,"March",2020,1592,1637,45
"20","KS","Kansas","Chautauqua County","county",20019,"March",2020,1445,1491,46
"20","KS","Kansas","Cherokee County","county",20021,"March",2020,9969,10257,288
"20","KS","Kansas","Cheyenne County","county",20023,"March",2020,1271,1301,30
"20","KS","Kansas","Clark County","county",20025,"March",2020,1056,1080,24
"20","KS","Kansas","Clay County","county",20027,"March",2020,3719,3819,100
"20","KS","Kansas","Cloud County","county",20029,"March",2020,3777,3876,99
"20","KS","Kansas","Coffey County","county",20031,"March",2020,3931,4084,153
"20","KS","Kansas","Comanche County","county",20033,"March",2020,855,876,21
"20","KS","Kansas","Cowley County","county",20035,"March",2020,16212,16732,520
"20","KS","Kansas","Crawford County","county",20037,"March",2020,18813,19446,633
"20","KS","Kansas","Decatur County","county",20039,"March",2020,1202,1235,33
"20","KS","Kansas","Dickinson County","county",20041,"March",2020,8723,9089,366
"20","KS","Kansas","Doniphan County","county",20043,"March",2020,3958,4088,130
"20","KS","Kansas","Douglas County","county",20045,"March",2020,64399,66172,1773
"20","KS","Kansas","Edwards County","county",20047,"March",2020,1277,1307,30
"20","KS","Kansas","Elk County","county",20049,"March",2020,1157,1189,32
"20","KS","Kansas","Ellis County","county",20051,"March",2020,17080,17395,315
"20","KS","Kansas","Ellsworth County","county",20053,"March",2020,2671,2736,65
"20","KS","Kansas","Finney County","county",20055,"March",2020,20710,21106,396
"20","KS","Kansas","Ford County","county",20057,"March",2020,17050,17416,366
"20","KS","Kansas","Franklin County","county",20059,"March",2020,14068,14497,429
"20","KS","Kansas","Geary County","county",20061,"March",2020,11151,11649,498
"20","KS","Kansas","Gove County","county",20063,"March",2020,1485,1515,30
"20","KS","Kansas","Graham County","county",20065,"March",2020,1090,1117,27
"20","KS","Kansas","Grant County","county",20067,"March",2020,3063,3138,75
"20","KS","Kansas","Gray County","county",20069,"March",2020,3217,3281,64
"20","KS","Kansas","Greeley County","county",20071,"March",2020,809,822,13
"20","KS","Kansas","Greenwood County","county",20073,"March",2020,3197,3304,107
"20","KS","Kansas","Hamilton County","county",20075,"March",2020,1581,1608,27
"20","KS","Kansas","Harper County","county",20077,"March",2020,2933,3006,73
"20","KS","Kansas","Harvey County","county",20079,"March",2020,16694,17158,464
"20","KS","Kansas","Haskell County","county",20081,"March",2020,2195,2235,40
"20","KS","Kansas","Hodgeman County","county",20083,"March",2020,987,1012,25
"20","KS","Kansas","Jackson County","county",20085,"March",2020,6994,7207,213
"20","KS","Kansas","Jefferson County","county",20087,"March",2020,9831,10127,296
"20","KS","Kansas","Jewell County","county",20089,"March",2020,1242,1272,30
"20","KS","Kansas","Johnson County","county",20091,"March",2020,330309,338736,8427
"20","KS","Kansas","Kearny County","county",20093,"March",2020,2023,2056,33
"20","KS","Kansas","Kingman County","county",20095,"March",2020,3342,3434,92
"20","KS","Kansas","Kiowa County","county",20097,"March",2020,1246,1273,27
"20","KS","Kansas","Labette County","county",20099,"March",2020,9843,10221,378
"20","KS","Kansas","Lane County","county",20101,"March",2020,732,753,21
"20","KS","Kansas","Leavenworth County","county",20103,"March",2020,35310,36538,1228
"20","KS","Kansas","Lincoln County","county",20105,"March",2020,1687,1722,35
"20","KS","Kansas","Linn County","county",20107,"March",2020,4175,4441,266
"20","KS","Kansas","Logan County","county",20109,"March",2020,1667,1694,27
"20","KS","Kansas","Lyon County","county",20111,"March",2020,17023,17521,498
"20","KS","Kansas","Marion County","county",20115,"March",2020,5982,6135,153
"20","KS","Kansas","Marshall County","county",20117,"March",2020,5433,5562,129
"20","KS","Kansas","Mcpherson County","county",20113,"March",2020,17252,17611,359
"20","KS","Kansas","Meade County","county",20119,"March",2020,2120,2163,43
"20","KS","Kansas","Miami County","county",20121,"March",2020,16936,17499,563
"20","KS","Kansas","Mitchell County","county",20123,"March",2020,3344,3409,65
"20","KS","Kansas","Montgomery County","county",20125,"March",2020,14319,14912,593
"20","KS","Kansas","Morris County","county",20127,"March",2020,2960,3047,87
"20","KS","Kansas","Morton County","county",20129,"March",2020,1096,1123,27
"20","KS","Kansas","Nemaha County","county",20131,"March",2020,5167,5294,127
"20","KS","Kansas","Neosho County","county",20133,"March",2020,5947,6190,243
"20","KS","Kansas","Ness County","county",20135,"March",2020,1316,1351,35
"20","KS","Kansas","Norton County","county",20137,"March",2020,2632,2684,52
"20","KS","Kansas","Osage County","county",20139,"March",2020,7719,7981,262
"20","KS","Kansas","Osborne County","county",20141,"March",2020,1986,2032,46
"20","KS","Kansas","Ottawa County","county",20143,"March",2020,3010,3086,76
"20","KS","Kansas","Pawnee County","county",20145,"March",2020,2737,2826,89
"20","KS","Kansas","Phillips County","county",20147,"March",2020,2615,2675,60
"20","KS","Kansas","Pottawatomie County","county",20149,"March",2020,12132,12452,320
"20","KS","Kansas","Pratt County","county",20151,"March",2020,4933,5046,113
"20","KS","Kansas","Rawlins County","county",20153,"March",2020,1488,1517,29
"20","KS","Kansas","Reno County","county",20155,"March",2020,29890,30738,848
"20","KS","Kansas","Republic County","county",20157,"March",2020,2216,2268,52
"20","KS","Kansas","Rice County","county",20159,"March",2020,5322,5449,127
"20","KS","Kansas","Riley County","county",20161,"March",2020,34317,35146,829
"20","KS","Kansas","Rooks County","county",20163,"March",2020,2458,2528,70
"20","KS","Kansas","Rush County","county",20165,"March",2020,1582,1633,51
"20","KS","Kansas","Russell County","county",20167,"March",2020,3213,3294,81
"20","KS","Kansas","Saline County","county",20169,"March",2020,30126,31028,902
"20","KS","Kansas","Scott County","county",20171,"March",2020,2783,2829,46
"20","KS","Kansas","Sedgwick County","county",20173,"March",2020,245749,254263,8514
"20","KS","Kansas","Seward County","county",20175,"March",2020,9334,9579,245
"20","KS","Kansas","Shawnee County","county",20177,"March",2020,87960,90711,2751
"20","KS","Kansas","Sheridan County","county",20179,"March",2020,1404,1428,24
"20","KS","Kansas","Sherman County","county",20181,"March",2020,2779,2851,72
"20","KS","Kansas","Smith County","county",20183,"March",2020,1982,2031,49
"20","KS","Kansas","Stafford County","county",20185,"March",2020,1970,2027,57
"20","KS","Kansas","Stanton County","county",20187,"March",2020,959,983,24
"20","KS","Kansas","Stevens County","county",20189,"March",2020,2741,2806,65
"20","KS","Kansas","Sumner County","county",20191,"March",2020,10649,11007,358
"20","KS","Kansas","Thomas County","county",20193,"March",2020,4234,4320,86
"20","KS","Kansas","Trego County","county",20195,"March",2020,1343,1388,45
"20","KS","Kansas","Wabaunsee County","county",20197,"March",2020,3534,3647,113
"20","KS","Kansas","Wallace County","county",20199,"March",2020,968,984,16
"20","KS","Kansas","Washington County","county",20201,"March",2020,2949,3006,57
"20","KS","Kansas","Wichita County","county",20203,"March",2020,1268,1290,22
"20","KS","Kansas","Wilson County","county",20205,"March",2020,3887,4060,173
"20","KS","Kansas","Woodson County","county",20207,"March",2020,1600,1657,57
"20","KS","Kansas","Wyandotte County","county",20209,"March",2020,74112,77021,2909
"20","KS","Kansas","Allen County","county",20001,"February",2020,6193,6421,228
"20","KS","Kansas","Anderson County","county",20003,"February",2020,4059,4202,143
"20","KS","Kansas","Atchison County","county",20005,"February",2020,6641,7029,388
"20","KS","Kansas","Barber County","county",20007,"February",2020,2236,2297,61
"20","KS","Kansas","Barton County","county",20009,"February",2020,12794,13293,499
"20","KS","Kansas","Bourbon County","county",20011,"February",2020,6277,6594,317
"20","KS","Kansas","Brown County","county",20013,"February",2020,5203,5363,160
"20","KS","Kansas","Butler County","county",20015,"February",2020,31904,33025,1121
"20","KS","Kansas","Chase County","county",20017,"February",2020,1509,1552,43
"20","KS","Kansas","Chautauqua County","county",20019,"February",2020,1376,1424,48
"20","KS","Kansas","Cherokee County","county",20021,"February",2020,9840,10162,322
"20","KS","Kansas","Cheyenne County","county",20023,"February",2020,1285,1317,32
"20","KS","Kansas","Clark County","county",20025,"February",2020,1055,1080,25
"20","KS","Kansas","Clay County","county",20027,"February",2020,3653,3769,116
"20","KS","Kansas","Cloud County","county",20029,"February",2020,3642,3749,107
"20","KS","Kansas","Coffey County","county",20031,"February",2020,3991,4182,191
"20","KS","Kansas","Comanche County","county",20033,"February",2020,816,839,23
"20","KS","Kansas","Cowley County","county",20035,"February",2020,15752,16329,577
"20","KS","Kansas","Crawford County","county",20037,"February",2020,17875,18625,750
"20","KS","Kansas","Decatur County","county",20039,"February",2020,1141,1178,37
"20","KS","Kansas","Dickinson County","county",20041,"February",2020,8409,8764,355
"20","KS","Kansas","Doniphan County","county",20043,"February",2020,3970,4129,159
"20","KS","Kansas","Douglas County","county",20045,"February",2020,65076,67075,1999
"20","KS","Kansas","Edwards County","county",20047,"February",2020,1352,1382,30
"20","KS","Kansas","Elk County","county",20049,"February",2020,1113,1149,36
"20","KS","Kansas","Ellis County","county",20051,"February",2020,16682,17044,362
"20","KS","Kansas","Ellsworth County","county",20053,"February",2020,2621,2690,69
"20","KS","Kansas","Finney County","county",20055,"February",2020,20441,20876,435
"20","KS","Kansas","Ford County","county",20057,"February",2020,16556,16968,412
"20","KS","Kansas","Franklin County","county",20059,"February",2020,13784,14299,515
"20","KS","Kansas","Geary County","county",20061,"February",2020,10888,11403,515
"20","KS","Kansas","Gove County","county",20063,"February",2020,1447,1474,27
"20","KS","Kansas","Graham County","county",20065,"February",2020,1056,1085,29
"20","KS","Kansas","Grant County","county",20067,"February",2020,3058,3138,80
"20","KS","Kansas","Gray County","county",20069,"February",2020,3102,3173,71
"20","KS","Kansas","Greeley County","county",20071,"February",2020,764,778,14
"20","KS","Kansas","Greenwood County","county",20073,"February",2020,3187,3312,125
"20","KS","Kansas","Hamilton County","county",20075,"February",2020,1592,1621,29
"20","KS","Kansas","Harper County","county",20077,"February",2020,2913,2988,75
"20","KS","Kansas","Harvey County","county",20079,"February",2020,16732,17272,540
"20","KS","Kansas","Haskell County","county",20081,"February",2020,2124,2170,46
"20","KS","Kansas","Hodgeman County","county",20083,"February",2020,949,978,29
"20","KS","Kansas","Jackson County","county",20085,"February",2020,6969,7208,239
"20","KS","Kansas","Jefferson County","county",20087,"February",2020,9801,10168,367
"20","KS","Kansas","Jewell County","county",20089,"February",2020,1212,1244,32
"20","KS","Kansas","Johnson County","county",20091,"February",2020,332840,342010,9170
"20","KS","Kansas","Kearny County","county",20093,"February",2020,1985,2021,36
"20","KS","Kansas","Kingman County","county",20095,"February",2020,3353,3462,109
"20","KS","Kansas","Kiowa County","county",20097,"February",2020,1238,1267,29
"20","KS","Kansas","Labette County","county",20099,"February",2020,9530,9943,413
"20","KS","Kansas","Lane County","county",20101,"February",2020,725,746,21
"20","KS","Kansas","Leavenworth County","county",20103,"February",2020,35575,36966,1391
"20","KS","Kansas","Lincoln County","county",20105,"February",2020,1659,1698,39
"20","KS","Kansas","Linn County","county",20107,"February",2020,4208,4525,317
"20","KS","Kansas","Logan County","county",20109,"February",2020,1580,1616,36
"20","KS","Kansas","Lyon County","county",20111,"February",2020,16243,16829,586
"20","KS","Kansas","Marion County","county",20115,"February",2020,5765,5920,155
"20","KS","Kansas","Marshall County","county",20117,"February",2020,5291,5448,157
"20","KS","Kansas","Mcpherson County","county",20113,"February",2020,16804,17212,408
"20","KS","Kansas","Meade County","county",20119,"February",2020,2021,2067,46
"20","KS","Kansas","Miami County","county",20121,"February",2020,17065,17737,672
"20","KS","Kansas","Mitchell County","county",20123,"February",2020,3184,3259,75
"20","KS","Kansas","Montgomery County","county",20125,"February",2020,13842,14510,668
"20","KS","Kansas","Morris County","county",20127,"February",2020,2936,3034,98
"20","KS","Kansas","Morton County","county",20129,"February",2020,1080,1109,29
"20","KS","Kansas","Nemaha County","county",20131,"February",2020,5109,5246,137
"20","KS","Kansas","Neosho County","county",20133,"February",2020,5927,6200,273
"20","KS","Kansas","Ness County","county",20135,"February",2020,1278,1312,34
"20","KS","Kansas","Norton County","county",20137,"February",2020,2600,2655,55
"20","KS","Kansas","Osage County","county",20139,"February",2020,7700,8015,315
"20","KS","Kansas","Osborne County","county",20141,"February",2020,2021,2078,57
"20","KS","Kansas","Ottawa County","county",20143,"February",2020,2898,2978,80
"20","KS","Kansas","Pawnee County","county",20145,"February",2020,2742,2835,93
"20","KS","Kansas","Phillips County","county",20147,"February",2020,2549,2611,62
"20","KS","Kansas","Pottawatomie County","county",20149,"February",2020,12321,12704,383
"20","KS","Kansas","Pratt County","county",20151,"February",2020,4765,4881,116
"20","KS","Kansas","Rawlins County","county",20153,"February",2020,1434,1463,29
"20","KS","Kansas","Reno County","county",20155,"February",2020,28686,29655,969
"20","KS","Kansas","Republic County","county",20157,"February",2020,2128,2183,55
"20","KS","Kansas","Rice County","county",20159,"February",2020,5065,5195,130
"20","KS","Kansas","Riley County","county",20161,"February",2020,34851,35799,948
"20","KS","Kansas","Rooks County","county",20163,"February",2020,2384,2461,77
"20","KS","Kansas","Rush County","county",20165,"February",2020,1571,1614,43
"20","KS","Kansas","Russell County","county",20167,"February",2020,3123,3221,98
"20","KS","Kansas","Saline County","county",20169,"February",2020,29257,30271,1014
"20","KS","Kansas","Scott County","county",20171,"February",2020,2756,2809,53
"20","KS","Kansas","Sedgwick County","county",20173,"February",2020,246239,256380,10141
"20","KS","Kansas","Seward County","county",20175,"February",2020,8976,9259,283
"20","KS","Kansas","Shawnee County","county",20177,"February",2020,87620,90878,3258
"20","KS","Kansas","Sheridan County","county",20179,"February",2020,1358,1390,32
"20","KS","Kansas","Sherman County","county",20181,"February",2020,2680,2760,80
"20","KS","Kansas","Smith County","county",20183,"February",2020,1906,1961,55
"20","KS","Kansas","Stafford County","county",20185,"February",2020,1974,2035,61
"20","KS","Kansas","Stanton County","county",20187,"February",2020,940,967,27
"20","KS","Kansas","Stevens County","county",20189,"February",2020,2401,2478,77
"20","KS","Kansas","Sumner County","county",20191,"February",2020,10671,11068,397
"20","KS","Kansas","Thomas County","county",20193,"February",2020,4180,4267,87
"20","KS","Kansas","Trego County","county",20195,"February",2020,1374,1419,45
"20","KS","Kansas","Wabaunsee County","county",20197,"February",2020,3522,3665,143
"20","KS","Kansas","Wallace County","county",20199,"February",2020,762,782,20
"20","KS","Kansas","Washington County","county",20201,"February",2020,2813,2893,80
"20","KS","Kansas","Wichita County","county",20203,"February",2020,1162,1183,21
"20","KS","Kansas","Wilson County","county",20205,"February",2020,3811,3991,180
"20","KS","Kansas","Woodson County","county",20207,"February",2020,1516,1575,59
"20","KS","Kansas","Wyandotte County","county",20209,"February",2020,74664,78140,3476
"20","KS","Kansas","Allen County","county",20001,"January",2020,6045,6282,237
"20","KS","Kansas","Anderson County","county",20003,"January",2020,4003,4159,156
"20","KS","Kansas","Atchison County","county",20005,"January",2020,6583,6951,368
"20","KS","Kansas","Barber County","county",20007,"January",2020,2225,2294,69
"20","KS","Kansas","Barton County","county",20009,"January",2020,12633,13134,501
"20","KS","Kansas","Bourbon County","county",20011,"January",2020,6282,6585,303
"20","KS","Kansas","Brown County","county",20013,"January",2020,5176,5352,176
"20","KS","Kansas","Butler County","county",20015,"January",2020,31559,32722,1163
"20","KS","Kansas","Chase County","county",20017,"January",2020,1491,1536,45
"20","KS","Kansas","Chautauqua County","county",20019,"January",2020,1373,1425,52
"20","KS","Kansas","Cherokee County","county",20021,"January",2020,9784,10107,323
"20","KS","Kansas","Cheyenne County","county",20023,"January",2020,1269,1301,32
"20","KS","Kansas","Clark County","county",20025,"January",2020,1053,1080,27
"20","KS","Kansas","Clay County","county",20027,"January",2020,3621,3747,126
"20","KS","Kansas","Cloud County","county",20029,"January",2020,3609,3735,126
"20","KS","Kansas","Coffey County","county",20031,"January",2020,3944,4161,217
"20","KS","Kansas","Comanche County","county",20033,"January",2020,807,832,25
"20","KS","Kansas","Cowley County","county",20035,"January",2020,15536,16109,573
"20","KS","Kansas","Crawford County","county",20037,"January",2020,17800,18582,782
"20","KS","Kansas","Decatur County","county",20039,"January",2020,1139,1178,39
"20","KS","Kansas","Dickinson County","county",20041,"January",2020,8367,8759,392
"20","KS","Kansas","Doniphan County","county",20043,"January",2020,3963,4118,155
"20","KS","Kansas","Douglas County","county",20045,"January",2020,63756,65869,2113
"20","KS","Kansas","Edwards County","county",20047,"January",2020,1327,1362,35
"20","KS","Kansas","Elk County","county",20049,"January",2020,1117,1154,37
"20","KS","Kansas","Ellis County","county",20051,"January",2020,16530,16918,388
"20","KS","Kansas","Ellsworth County","county",20053,"January",2020,2622,2696,74
"20","KS","Kansas","Finney County","county",20055,"January",2020,20292,20753,461
"20","KS","Kansas","Ford County","county",20057,"January",2020,16431,16858,427
"20","KS","Kansas","Franklin County","county",20059,"January",2020,13644,14167,523
"20","KS","Kansas","Geary County","county",20061,"January",2020,10741,11275,534
"20","KS","Kansas","Gove County","county",20063,"January",2020,1435,1470,35
"20","KS","Kansas","Graham County","county",20065,"January",2020,1046,1080,34
"20","KS","Kansas","Grant County","county",20067,"January",2020,3020,3099,79
"20","KS","Kansas","Gray County","county",20069,"January",2020,3049,3121,72
"20","KS","Kansas","Greeley County","county",20071,"January",2020,752,767,15
"20","KS","Kansas","Greenwood County","county",20073,"January",2020,3162,3285,123
"20","KS","Kansas","Hamilton County","county",20075,"January",2020,1578,1608,30
"20","KS","Kansas","Harper County","county",20077,"January",2020,2905,2987,82
"20","KS","Kansas","Harvey County","county",20079,"January",2020,16541,17082,541
"20","KS","Kansas","Haskell County","county",20081,"January",2020,2101,2146,45
"20","KS","Kansas","Hodgeman County","county",20083,"January",2020,942,974,32
"20","KS","Kansas","Jackson County","county",20085,"January",2020,6937,7201,264
"20","KS","Kansas","Jefferson County","county",20087,"January",2020,9746,10126,380
"20","KS","Kansas","Jewell County","county",20089,"January",2020,1213,1247,34
"20","KS","Kansas","Johnson County","county",20091,"January",2020,332373,341859,9486
"20","KS","Kansas","Kearny County","county",20093,"January",2020,1949,1994,45
"20","KS","Kansas","Kingman County","county",20095,"January",2020,3305,3424,119
"20","KS","Kansas","Kiowa County","county",20097,"January",2020,1238,1268,30
"20","KS","Kansas","Labette County","county",20099,"January",2020,9461,9861,400
"20","KS","Kansas","Lane County","county",20101,"January",2020,715,733,18
"20","KS","Kansas","Leavenworth County","county",20103,"January",2020,35543,36973,1430
"20","KS","Kansas","Lincoln County","county",20105,"January",2020,1677,1726,49
"20","KS","Kansas","Linn County","county",20107,"January",2020,4190,4491,301
"20","KS","Kansas","Logan County","county",20109,"January",2020,1562,1596,34
"20","KS","Kansas","Lyon County","county",20111,"January",2020,15997,16610,613
"20","KS","Kansas","Marion County","county",20115,"January",2020,5705,5871,166
"20","KS","Kansas","Marshall County","county",20117,"January",2020,5274,5434,160
"20","KS","Kansas","Mcpherson County","county",20113,"January",2020,16642,17054,412
"20","KS","Kansas","Meade County","county",20119,"January",2020,2000,2049,49
"20","KS","Kansas","Miami County","county",20121,"January",2020,17042,17755,713
"20","KS","Kansas","Mitchell County","county",20123,"January",2020,3178,3252,74
"20","KS","Kansas","Montgomery County","county",20125,"January",2020,13814,14537,723
"20","KS","Kansas","Morris County","county",20127,"January",2020,2917,3020,103
"20","KS","Kansas","Morton County","county",20129,"January",2020,1071,1103,32
"20","KS","Kansas","Nemaha County","county",20131,"January",2020,5103,5254,151
"20","KS","Kansas","Neosho County","county",20133,"January",2020,5864,6153,289
"20","KS","Kansas","Ness County","county",20135,"January",2020,1277,1312,35
"20","KS","Kansas","Norton County","county",20137,"January",2020,2587,2641,54
"20","KS","Kansas","Osage County","county",20139,"January",2020,7646,7984,338
"20","KS","Kansas","Osborne County","county",20141,"January",2020,2009,2051,42
"20","KS","Kansas","Ottawa County","county",20143,"January",2020,2888,2975,87
"20","KS","Kansas","Pawnee County","county",20145,"January",2020,2721,2820,99
"20","KS","Kansas","Phillips County","county",20147,"January",2020,2524,2593,69
"20","KS","Kansas","Pottawatomie County","county",20149,"January",2020,11913,12306,393
"20","KS","Kansas","Pratt County","county",20151,"January",2020,4738,4878,140
"20","KS","Kansas","Rawlins County","county",20153,"January",2020,1428,1462,34
"20","KS","Kansas","Reno County","county",20155,"January",2020,28383,29380,997
"20","KS","Kansas","Republic County","county",20157,"January",2020,2110,2169,59
"20","KS","Kansas","Rice County","county",20159,"January",2020,5017,5160,143
"20","KS","Kansas","Riley County","county",20161,"January",2020,33723,34731,1008
"20","KS","Kansas","Rooks County","county",20163,"January",2020,2382,2464,82
"20","KS","Kansas","Rush County","county",20165,"January",2020,1554,1604,50
"20","KS","Kansas","Russell County","county",20167,"January",2020,3115,3214,99
"20","KS","Kansas","Saline County","county",20169,"January",2020,29122,30169,1047
"20","KS","Kansas","Scott County","county",20171,"January",2020,2728,2783,55
"20","KS","Kansas","Sedgwick County","county",20173,"January",2020,243656,253382,9726
"20","KS","Kansas","Seward County","county",20175,"January",2020,8887,9184,297
"20","KS","Kansas","Shawnee County","county",20177,"January",2020,87289,90603,3314
"20","KS","Kansas","Sheridan County","county",20179,"January",2020,1337,1374,37
"20","KS","Kansas","Sherman County","county",20181,"January",2020,2654,2731,77
"20","KS","Kansas","Smith County","county",20183,"January",2020,1887,1939,52
"20","KS","Kansas","Stafford County","county",20185,"January",2020,1948,2012,64
"20","KS","Kansas","Stanton County","county",20187,"January",2020,929,959,30
"20","KS","Kansas","Stevens County","county",20189,"January",2020,2379,2451,72
"20","KS","Kansas","Sumner County","county",20191,"January",2020,10552,10923,371
"20","KS","Kansas","Thomas County","county",20193,"January",2020,4128,4225,97
"20","KS","Kansas","Trego County","county",20195,"January",2020,1364,1411,47
"20","KS","Kansas","Wabaunsee County","county",20197,"January",2020,3501,3646,145
"20","KS","Kansas","Wallace County","county",20199,"January",2020,753,775,22
"20","KS","Kansas","Washington County","county",20201,"January",2020,2797,2876,79
"20","KS","Kansas","Wichita County","county",20203,"January",2020,1144,1173,29
"20","KS","Kansas","Wilson County","county",20205,"January",2020,3770,3945,175
"20","KS","Kansas","Woodson County","county",20207,"January",2020,1479,1545,66
"20","KS","Kansas","Wyandotte County","county",20209,"January",2020,74623,78141,3518
"20","KS","Kansas","Kansas","state",NA,"January",2020,1438709,1489402,50693
"20","KS","Kansas","Kansas","state",NA,"February",2020,1449696,1499466,49770
"20","KS","Kansas","Kansas","state",NA,"March",2020,1458466,1501963,43497
"20","KS","Kansas","Kansas","state",NA,"April",2020,1321993,1496570,174577
"20","KS","Kansas","Kansas","state",NA,"May",2020,1350797,1498065,147268
"20","KS","Kansas","Dodge City","city",NA,"January",2020,13065,13398,333
"20","KS","Kansas","Emporia City","city",NA,"January",2020,11917,12382,465
"20","KS","Kansas","Garden City","city",NA,"January",2020,14764,15084,320
"20","KS","Kansas","Hutchinson City","city",NA,"January",2020,17962,18643,681
"20","KS","Kansas","Junction City","city",NA,"January",2020,8151,8550,399
"20","KS","Kansas","Kansas City","city",NA,"January",2020,68248,71446,3198
"20","KS","Kansas","Lawrence City","city",NA,"January",2020,51367,53033,1666
"20","KS","Kansas","Leavenworth City","city",NA,"January",2020,13485,14079,594
"20","KS","Kansas","Leawood City","city",NA,"January",2020,17230,17677,447
"20","KS","Kansas","Lenexa City","city",NA,"January",2020,31705,32622,917
"20","KS","Kansas","Manhattan City","city",NA,"January",2020,28042,28816,774
"20","KS","Kansas","Olathe City","city",NA,"January",2020,78191,80374,2183
"20","KS","Kansas","Overland Park City","city",NA,"January",2020,107756,110733,2977
"20","KS","Kansas","Salina City","city",NA,"January",2020,24723,25649,926
"20","KS","Kansas","Shawnee City","city",NA,"January",2020,35803,36914,1111
"20","KS","Kansas","Topeka City","city",NA,"January",2020,60284,62731,2447
"20","KS","Kansas","Wichita City","city",NA,"January",2020,183620,191247,7627
"20","KS","Kansas","Dodge City","city",NA,"February",2020,13164,13484,320
"20","KS","Kansas","Emporia City","city",NA,"February",2020,12100,12544,444
"20","KS","Kansas","Garden City","city",NA,"February",2020,14872,15172,300
"20","KS","Kansas","Hutchinson City","city",NA,"February",2020,18154,18827,673
"20","KS","Kansas","Junction City","city",NA,"February",2020,8262,8640,378
"20","KS","Kansas","Kansas City","city",NA,"February",2020,68285,71449,3164
"20","KS","Kansas","Lawrence City","city",NA,"February",2020,52431,54006,1575
"20","KS","Kansas","Leavenworth City","city",NA,"February",2020,13497,14072,575
"20","KS","Kansas","Leawood City","city",NA,"February",2020,17254,17688,434
"20","KS","Kansas","Lenexa City","city",NA,"February",2020,31750,32645,895
"20","KS","Kansas","Manhattan City","city",NA,"February",2020,28980,29705,725
"20","KS","Kansas","Olathe City","city",NA,"February",2020,78301,80443,2142
"20","KS","Kansas","Overland Park City","city",NA,"February",2020,107907,110792,2885
"20","KS","Kansas","Salina City","city",NA,"February",2020,24837,25731,894
"20","KS","Kansas","Shawnee City","city",NA,"February",2020,35853,36921,1068
"20","KS","Kansas","Topeka City","city",NA,"February",2020,60512,62909,2397
"20","KS","Kansas","Wichita City","city",NA,"February",2020,185566,193584,8018
"20","KS","Kansas","Dodge City","city",NA,"March",2020,13557,13851,294
"20","KS","Kansas","Emporia City","city",NA,"March",2020,12681,13046,365
"20","KS","Kansas","Garden City","city",NA,"March",2020,15068,15347,279
"20","KS","Kansas","Hutchinson City","city",NA,"March",2020,18916,19512,596
"20","KS","Kansas","Junction City","city",NA,"March",2020,8462,8840,378
"20","KS","Kansas","Kansas City","city",NA,"March",2020,67780,70450,2670
"20","KS","Kansas","Lawrence City","city",NA,"March",2020,51885,53294,1409
"20","KS","Kansas","Leavenworth City","city",NA,"March",2020,13396,13902,506
"20","KS","Kansas","Leawood City","city",NA,"March",2020,17123,17529,406
"20","KS","Kansas","Lenexa City","city",NA,"March",2020,31508,32338,830
"20","KS","Kansas","Manhattan City","city",NA,"March",2020,28536,29153,617
"20","KS","Kansas","Olathe City","city",NA,"March",2020,77706,79577,1871
"20","KS","Kansas","Overland Park City","city",NA,"March",2020,107087,109838,2751
"20","KS","Kansas","Salina City","city",NA,"March",2020,25575,26366,791
"20","KS","Kansas","Shawnee City","city",NA,"March",2020,35581,36551,970
"20","KS","Kansas","Topeka City","city",NA,"March",2020,60747,62814,2067
"20","KS","Kansas","Wichita City","city",NA,"March",2020,185197,191926,6729
"20","KS","Kansas","Dodge City","city",NA,"April",2020,12462,13079,617
"20","KS","Kansas","Emporia City","city",NA,"April",2020,11669,12642,973
"20","KS","Kansas","Garden City","city",NA,"April",2020,13815,14728,913
"20","KS","Kansas","Hutchinson City","city",NA,"April",2020,17498,19653,2155
"20","KS","Kansas","Junction City","city",NA,"April",2020,7755,8698,943
"20","KS","Kansas","Kansas City","city",NA,"April",2020,61420,72259,10839
"20","KS","Kansas","Lawrence City","city",NA,"April",2020,47012,53322,6310
"20","KS","Kansas","Leavenworth City","city",NA,"April",2020,12136,13923,1787
"20","KS","Kansas","Leawood City","city",NA,"April",2020,15516,16804,1288
"20","KS","Kansas","Lenexa City","city",NA,"April",2020,28552,32112,3560
"20","KS","Kansas","Manhattan City","city",NA,"April",2020,25376,27697,2321
"20","KS","Kansas","Olathe City","city",NA,"April",2020,70414,78449,8035
"20","KS","Kansas","Overland Park City","city",NA,"April",2020,97038,108751,11713
"20","KS","Kansas","Salina City","city",NA,"April",2020,23700,26328,2628
"20","KS","Kansas","Shawnee City","city",NA,"April",2020,32242,36487,4245
"20","KS","Kansas","Topeka City","city",NA,"April",2020,55150,63363,8213
"20","KS","Kansas","Wichita City","city",NA,"April",2020,165531,204937,39406
"20","KS","Kansas","Dodge City","city",NA,"May",2020,12720,13370,650
"20","KS","Kansas","Emporia City","city",NA,"May",2020,11729,12681,952
"20","KS","Kansas","Garden City","city",NA,"May",2020,14065,14876,811
"20","KS","Kansas","Hutchinson City","city",NA,"May",2020,17687,19425,1738
"20","KS","Kansas","Junction City","city",NA,"May",2020,7784,8726,942
"20","KS","Kansas","Kansas City","city",NA,"May",2020,62470,72739,10269
"20","KS","Kansas","Lawrence City","city",NA,"May",2020,47684,53394,5710
"20","KS","Kansas","Leavenworth City","city",NA,"May",2020,12354,14012,1658
"20","KS","Kansas","Leawood City","city",NA,"May",2020,15793,16946,1153
"20","KS","Kansas","Lenexa City","city",NA,"May",2020,29061,32253,3192
"20","KS","Kansas","Manhattan City","city",NA,"May",2020,25627,27766,2139
"20","KS","Kansas","Olathe City","city",NA,"May",2020,71671,78740,7069
"20","KS","Kansas","Overland Park City","city",NA,"May",2020,98770,109070,10300
"20","KS","Kansas","Salina City","city",NA,"May",2020,23985,26395,2410
"20","KS","Kansas","Shawnee City","city",NA,"May",2020,32817,36537,3720
"20","KS","Kansas","Topeka City","city",NA,"May",2020,56074,62877,6803
"20","KS","Kansas","Wichita City","city",NA,"May",2020,170435,201413,30978
