county,claims,date
Cheyenne,7,3/28/20
Sherman,13,3/28/20
Wallace,3,3/28/20
Greeley,5,3/28/20
Hamilton,4,3/28/20
Stanton,1,3/28/20
Morton,2,3/28/20
Rawlins,7,3/28/20
Thomas,33,3/28/20
Logan,10,3/28/20
Wichita,6,3/28/20
Kearny,16,3/28/20
Grant,18,3/28/20
Stevens,11,3/28/20
Decatur,8,3/28/20
Sheridan,4,3/28/20
Gove,8,3/28/20
Scott,4,3/28/20
Lane,4,3/28/20
Finney,391,3/28/20
Haskell,7,3/28/20
Gray,15,3/28/20
Seward,117,3/28/20
Meade,8,3/28/20
Norton,15,3/28/20
Graham,4,3/28/20
Trego,16,3/28/20
Ness,8,3/28/20
Hodgeman,4,3/28/20
Ford,152,3/28/20
Clark,2,3/28/20
Phillips,17,3/28/20
Rooks,27,3/28/20
Ellis,473,3/28/20
Rush,20,3/28/20
Pawnee,20,3/28/20
Edwards,14,3/28/20
Kiowa,9,3/28/20
Comanche,4,3/28/20
Smith,11,3/28/20
Osborne,33,3/28/20
Russell,114,3/28/20
Barton,221,3/28/20
Stafford,14,3/28/20
Pratt,46,3/28/20
Barber,23,3/28/20
Jewell,10,3/28/20
Mitchell,36,3/28/20
Lincoln,24,3/28/20
Ellsworth,38,3/28/20
Rice,106,3/28/20
Reno,865,3/28/20
Kingman,112,3/28/20
Harper,39,3/28/20
Republic,11,3/28/20
Cloud,46,3/28/20
Ottawa,36,3/28/20
Saline,809,3/28/20
McPherson,290,3/28/20
Harvey,499,3/28/20
Sedgwick,17967,3/28/20
Sumner,637,3/28/20
Washington,16,3/28/20
Clay,67,3/28/20
Dickinson,325,3/28/20
Marion,110,3/28/20
Butler,1961,3/28/20
Cowley,436,3/28/20
Marshall,43,3/28/20
Riley,903,3/28/20
Geary,303,3/28/20
Morris,49,3/28/20
Chase,36,3/28/20
Nemaha,62,3/28/20
Pottawatomie,222,3/28/20
Wabaunsee,64,3/28/20
Lyon,311,3/28/20
Greenwood,53,3/28/20
Elk,30,3/28/20
Chautauqua,22,3/28/20
Brown,43,3/28/20
Jackson,212,3/28/20
Shawnee,3402,3/28/20
Osage,216,3/28/20
Coffey,73,3/28/20
Woodson,36,3/28/20
Wilson,92,3/28/20
Montgomery,610,3/28/20
Doniphan,34,3/28/20
Atchison,151,3/28/20
Jefferson,301,3/28/20
Douglas,2304,3/28/20
Franklin,342,3/28/20
Anderson,82,3/28/20
Allen,177,3/28/20
Neosho,170,3/28/20
Labette,133,3/28/20
Leavenworth,1027,3/28/20
Wyandotte,2536,3/28/20
Johnson,8369,3/28/20
Miami,386,3/28/20
Linn,85,3/28/20
Bourbon,246,3/28/20
Crawford,450,3/28/20
Cherokee,95,3/28/20
Cheyenne,14,4/4/20
Sherman,24,4/4/20
Wallace,1,4/4/20
Greeley,1,4/4/20
Hamilton,3,4/4/20
Stanton,4,4/4/20
Morton,7,4/4/20
Rawlins,22,4/4/20
Thomas,63,4/4/20
Logan,27,4/4/20
Wichita,6,4/4/20
Kearny,18,4/4/20
Grant,41,4/4/20
Stevens,14,4/4/20
Decatur,22,4/4/20
Sheridan,8,4/4/20
Gove,41,4/4/20
Scott,34,4/4/20
Lane,5,4/4/20
Finney,449,4/4/20
Haskell,13,4/4/20
Gray,31,4/4/20
Seward,165,4/4/20
Meade,22,4/4/20
Norton,25,4/4/20
Graham,23,4/4/20
Trego,38,4/4/20
Ness,26,4/4/20
Hodgeman,5,4/4/20
Ford,219,4/4/20
Clark,4,4/4/20
Phillips,37,4/4/20
Rooks,41,4/4/20
Ellis,519,4/4/20
Rush,52,4/4/20
Pawnee,45,4/4/20
Edwards,14,4/4/20
Kiowa,16,4/4/20
Comanche,10,4/4/20
Smith,15,4/4/20
Osborne,29,4/4/20
Russell,105,4/4/20
Barton,404,4/4/20
Stafford,34,4/4/20
Pratt,137,4/4/20
Barber,29,4/4/20
Jewell,20,4/4/20
Mitchell,51,4/4/20
Lincoln,24,4/4/20
Ellsworth,42,4/4/20
Rice,123,4/4/20
Reno,998,4/4/20
Kingman,80,4/4/20
Harper,44,4/4/20
Republic,24,4/4/20
Cloud,111,4/4/20
Ottawa,71,4/4/20
Saline,971,4/4/20
McPherson,307,4/4/20
Harvey,737,4/4/20
Sedgwick,11432,4/4/20
Sumner,382,4/4/20
Washington,44,4/4/20
Clay,106,4/4/20
Dickinson,279,4/4/20
Marion,188,4/4/20
Butler,1085,4/4/20
Cowley,500,4/4/20
Marshall,82,4/4/20
Riley,860,4/4/20
Geary,405,4/4/20
Morris,61,4/4/20
Chase,82,4/4/20
Nemaha,86,4/4/20
Pottawatomie,274,4/4/20
Wabaunsee,79,4/4/20
Lyon,391,4/4/20
Greenwood,87,4/4/20
Elk,25,4/4/20
Chautauqua,34,4/4/20
Brown,135,4/4/20
Jackson,250,4/4/20
Shawnee,3319,4/4/20
Osage,244,4/4/20
Coffey,103,4/4/20
Woodson,48,4/4/20
Wilson,292,4/4/20
Montgomery,571,4/4/20
Doniphan,43,4/4/20
Atchison,163,4/4/20
Jefferson,262,4/4/20
Douglas,2129,4/4/20
Franklin,459,4/4/20
Anderson,88,4/4/20
Allen,221,4/4/20
Neosho,181,4/4/20
Labette,254,4/4/20
Leavenworth,2581,4/4/20
Wyandotte,9383,4/4/20
Johnson,421,4/4/20
Miami,109,4/4/20
Linn,159,4/4/20
Bourbon,566,4/4/20
Crawford,149,4/4/20
Cherokee,66,4/4/20
Cheyenne,5,4/11/20
Sherman,17,4/11/20
Wallace,2,4/11/20
Greeley,5,4/11/20
Hamilton,4,4/11/20
Stanton,2,4/11/20
Morton,3,4/11/20
Rawlins,5,4/11/20
Thomas,92,4/11/20
Logan,27,4/11/20
Wichita,8,4/11/20
Kearny,13,4/11/20
Grant,19,4/11/20
Stevens,5,4/11/20
Decatur,4,4/11/20
Sheridan,7,4/11/20
Gove,9,4/11/20
Scott,10,4/11/20
Lane,3,4/11/20
Finney,153,4/11/20
Haskell,7,4/11/20
Gray,12,4/11/20
Seward,59,4/11/20
Meade,15,4/11/20
Norton,13,4/11/20
Graham,8,4/11/20
Trego,5,4/11/20
Ness,9,4/11/20
Hodgeman,8,4/11/20
Ford,114,4/11/20
Clark,3,4/11/20
Phillips,50,4/11/20
Rooks,22,4/11/20
Ellis,166,4/11/20
Rush,18,4/11/20
Pawnee,18,4/11/20
Edwards,7,4/11/20
Kiowa,7,4/11/20
Comanche,4,4/11/20
Smith,10,4/11/20
Osborne,21,4/11/20
Russell,38,4/11/20
Barton,167,4/11/20
Stafford,15,4/11/20
Pratt,58,4/11/20
Barber,30,4/11/20
Jewell,4,4/11/20
Mitchell,24,4/11/20
Lincoln,5,4/11/20
Ellsworth,18,4/11/20
Rice,48,4/11/20
Reno,508,4/11/20
Kingman,85,4/11/20
Harper,34,4/11/20
Republic,18,4/11/20
Cloud,34,4/11/20
Ottawa,26,4/11/20
Saline,567,4/11/20
McPherson,160,4/11/20
Harvey,482,4/11/20
Sedgwick,9044,4/11/20
Sumner,400,4/11/20
Washington,12,4/11/20
Clay,45,4/11/20
Dickinson,133,4/11/20
Marion,90,4/11/20
Butler,826,4/11/20
Cowley,532,4/11/20
Marshall,33,4/11/20
Riley,589,4/11/20
Geary,269,4/11/20
Morris,27,4/11/20
Chase,24,4/11/20
Nemaha,48,4/11/20
Pottawatomie,162,4/11/20
Wabaunsee,44,4/11/20
Lyon,182,4/11/20
Greenwood,72,4/11/20
Elk,25,4/11/20
Chautauqua,21,4/11/20
Brown,63,4/11/20
Jackson,260,4/11/20
Shawnee,1625,4/11/20
Osage,88,4/11/20
Coffey,41,4/11/20
Woodson,35,4/11/20
Wilson,358,4/11/20
Montgomery,509,4/11/20
Doniphan,29,4/11/20
Atchison,97,4/11/20
Jefferson,156,4/11/20
Douglas,1259,4/11/20
Franklin,275,4/11/20
Anderson,43,4/11/20
Allen,99,4/11/20
Neosho,138,4/11/20
Labette,302,4/11/20
Leavenworth,614,4/11/20
Wyandotte,1425,4/11/20
Johnson,5032,4/11/20
Miami,207,4/11/20
Linn,47,4/11/20
Bourbon,83,4/11/20
Crawford,296,4/11/20
Cherokee,175,4/11/20
Cheyenne,3,4/18/20
Sherman,108,4/18/20
Wallace,5,4/18/20
Greeley,2,4/18/20
Hamilton,7,4/18/20
Stanton,1,4/18/20
Morton,7,4/18/20
Rawlins,7,4/18/20
Thomas,40,4/18/20
Logan,11,4/18/20
Wichita,8,4/18/20
Kearny,33,4/18/20
Grant,19,4/18/20
Stevens,15,4/18/20
Decatur,7,4/18/20
Sheridan,9,4/18/20
Gove,17,4/18/20
Scott,14,4/18/20
Lane,6,4/18/20
Finney,162,4/18/20
Haskell,11,4/18/20
Gray,8,4/18/20
Seward,64,4/18/20
Meade,11,4/18/20
Norton,8,4/18/20
Graham,8,4/18/20
Trego,60,4/18/20
Ness,3,4/18/20
Hodgeman,4,4/18/20
Ford,113,4/18/20
Clark,0,4/18/20
Phillips,41,4/18/20
Rooks,17,4/18/20
Ellis,172,4/18/20
Rush,26,4/18/20
Pawnee,25,4/18/20
Edwards,9,4/18/20
Kiowa,12,4/18/20
Comanche,7,4/18/20
Smith,12,4/18/20
Osborne,7,4/18/20
Russell,51,4/18/20
Barton,156,4/18/20
Stafford,21,4/18/20
Pratt,75,4/18/20
Barber,23,4/18/20
Jewell,7,4/18/20
Mitchell,23,4/18/20
Lincoln,13,4/18/20
Ellsworth,15,4/18/20
Rice,44,4/18/20
Reno,617,4/18/20
Kingman,80,4/18/20
Harper,26,4/18/20
Republic,18,4/18/20
Cloud,44,4/18/20
Ottawa,37,4/18/20
Saline,554,4/18/20
McPherson,172,4/18/20
Harvey,800,4/18/20
Sedgwick,9228,4/18/20
Sumner,580,4/18/20
Washington,18,4/18/20
Clay,42,4/18/20
Dickinson,104,4/18/20
Marion,45,4/18/20
Butler,936,4/18/20
Cowley,430,4/18/20
Marshall,33,4/18/20
Riley,594,4/18/20
Geary,227,4/18/20
Morris,26,4/18/20
Chase,20,4/18/20
Nemaha,43,4/18/20
Pottawatomie,168,4/18/20
Wabaunsee,45,4/18/20
Lyon,198,4/18/20
Greenwood,42,4/18/20
Elk,18,4/18/20
Chautauqua,18,4/18/20
Brown,87,4/18/20
Jackson,193,4/18/20
Shawnee,1731,4/18/20
Osage,135,4/18/20
Coffey,37,4/18/20
Woodson,20,4/18/20
Wilson,105,4/18/20
Montgomery,219,4/18/20
Doniphan,36,4/18/20
Atchison,118,4/18/20
Jefferson,217,4/18/20
Douglas,1503,4/18/20
Franklin,298,4/18/20
Anderson,48,4/18/20
Allen,61,4/18/20
Neosho,94,4/18/20
Labette,123,4/18/20
Leavenworth,502,4/18/20
Wyandotte,1459,4/18/20
Johnson,5102,4/18/20
Miami,222,4/18/20
Linn,68,4/18/20
Bourbon,904,4/18/20
Crawford,404,4/18/20
Cherokee,127,4/18/20
Cheyenne,3,4/25/20
Sherman,17,4/25/20
Wallace,2,4/25/20
Greeley,1,4/25/20
Hamilton,4,4/25/20
Stanton,5,4/25/20
Morton,4,4/25/20
Rawlins,44,4/25/20
Thomas,24,4/25/20
Logan,7,4/25/20
Wichita,5,4/25/20
Kearny,11,4/25/20
Grant,22,4/25/20
Stevens,6,4/25/20
Decatur,14,4/25/20
Sheridan,1,4/25/20
Gove,9,4/25/20
Scott,16,4/25/20
Lane,6,4/25/20
Finney,165,4/25/20
Haskell,5,4/25/20
Gray,11,4/25/20
Seward,96,4/25/20
Meade,10,4/25/20
Norton,7,4/25/20
Graham,18,4/25/20
Trego,10,4/25/20
Ness,9,4/25/20
Hodgeman,2,4/25/20
Ford,204,4/25/20
Clark,5,4/25/20
Phillips,23,4/25/20
Rooks,19,4/25/20
Ellis,150,4/25/20
Rush,11,4/25/20
Pawnee,20,4/25/20
Edwards,11,4/25/20
Kiowa,9,4/25/20
Comanche,7,4/25/20
Smith,12,4/25/20
Osborne,10,4/25/20
Russell,38,4/25/20
Barton,135,4/25/20
Stafford,14,4/25/20
Pratt,35,4/25/20
Barber,16,4/25/20
Jewell,5,4/25/20
Mitchell,19,4/25/20
Lincoln,13,4/25/20
Ellsworth,18,4/25/20
Rice,62,4/25/20
Reno,698,4/25/20
Kingman,62,4/25/20
Harper,30,4/25/20
Republic,10,4/25/20
Cloud,35,4/25/20
Ottawa,35,4/25/20
Saline,427,4/25/20
McPherson,311,4/25/20
Harvey,316,4/25/20
Sedgwick,8737,4/25/20
Sumner,467,4/25/20
Washington,7,4/25/20
Clay,18,4/25/20
Dickinson,116,4/25/20
Marion,74,4/25/20
Butler,1065,4/25/20
Cowley,415,4/25/20
Marshall,24,4/25/20
Riley,316,4/25/20
Geary,203,4/25/20
Morris,86,4/25/20
Chase,19,4/25/20
Nemaha,23,4/25/20
Pottawatomie,89,4/25/20
Wabaunsee,48,4/25/20
Lyon,255,4/25/20
Greenwood,35,4/25/20
Elk,16,4/25/20
Chautauqua,29,4/25/20
Brown,46,4/25/20
Jackson,115,4/25/20
Shawnee,1239,4/25/20
Osage,85,4/25/20
Coffey,38,4/25/20
Woodson,14,4/25/20
Wilson,70,4/25/20
Montgomery,390,4/25/20
Doniphan,17,4/25/20
Atchison,72,4/25/20
Jefferson,111,4/25/20
Douglas,859,4/25/20
Franklin,156,4/25/20
Anderson,31,4/25/20
Allen,63,4/25/20
Neosho,88,4/25/20
Labette,235,4/25/20
Leavenworth,440,4/25/20
Wyandotte,1346,4/25/20
Johnson,4181,4/25/20
Miami,182,4/25/20
Linn,54,4/25/20
Bourbon,71,4/25/20
Crawford,199,4/25/20
Cherokee,80,4/25/20
Cheyenne,4,5/2/20
Sherman,10,5/2/20
Wallace,4,5/2/20
Greeley,1,5/2/20
Hamilton,2,5/2/20
Stanton,3,5/2/20
Morton,2,5/2/20
Rawlins,5,5/2/20
Thomas,38,5/2/20
Logan,41,5/2/20
Wichita,3,5/2/20
Kearny,9,5/2/20
Grant,19,5/2/20
Stevens,5,5/2/20
Decatur,12,5/2/20
Sheridan,3,5/2/20
Gove,11,5/2/20
Scott,3,5/2/20
Lane,2,5/2/20
Finney,206,5/2/20
Haskell,6,5/2/20
Gray,6,5/2/20
Seward,54,5/2/20
Meade,5,5/2/20
Norton,6,5/2/20
Graham,18,5/2/20
Trego,8,5/2/20
Ness,12,5/2/20
Hodgeman,3,5/2/20
Ford,117,5/2/20
Clark,1,5/2/20
Phillips,18,5/2/20
Rooks,23,5/2/20
Ellis,116,5/2/20
Rush,12,5/2/20
Pawnee,12,5/2/20
Edwards,7,5/2/20
Kiowa,9,5/2/20
Comanche,1,5/2/20
Smith,8,5/2/20
Osborne,4,5/2/20
Russell,38,5/2/20
Barton,96,5/2/20
Stafford,12,5/2/20
Pratt,33,5/2/20
Barber,10,5/2/20
Jewell,7,5/2/20
Mitchell,14,5/2/20
Lincoln,8,5/2/20
Ellsworth,13,5/2/20
Rice,27,5/2/20
Reno,317,5/2/20
Kingman,41,5/2/20
Harper,14,5/2/20
Republic,6,5/2/20
Cloud,19,5/2/20
Ottawa,17,5/2/20
Saline,301,5/2/20
McPherson,97,5/2/20
Harvey,147,5/2/20
Sedgwick,4316,5/2/20
Sumner,150,5/2/20
Washington,6,5/2/20
Clay,27,5/2/20
Dickinson,107,5/2/20
Marion,26,5/2/20
Butler,402,5/2/20
Cowley,131,5/2/20
Marshall,21,5/2/20
Riley,277,5/2/20
Geary,323,5/2/20
Morris,10,5/2/20
Chase,10,5/2/20
Nemaha,20,5/2/20
Pottawatomie,61,5/2/20
Wabaunsee,23,5/2/20
Lyon,299,5/2/20
Greenwood,21,5/2/20
Elk,9,5/2/20
Chautauqua,8,5/2/20
Brown,32,5/2/20
Jackson,62,5/2/20
Shawnee,916,5/2/20
Osage,46,5/2/20
Coffey,22,5/2/20
Woodson,9,5/2/20
Wilson,42,5/2/20
Montgomery,195,5/2/20
Doniphan,17,5/2/20
Atchison,49,5/2/20
Jefferson,67,5/2/20
Douglas,621,5/2/20
Franklin,95,5/2/20
Anderson,13,5/2/20
Allen,48,5/2/20
Neosho,54,5/2/20
Labette,101,5/2/20
Leavenworth,307,5/2/20
Wyandotte,873,5/2/20
Johnson,2668,5/2/20
Miami,122,5/2/20
Linn,39,5/2/20
Bourbon,59,5/2/20
Crawford,161,5/2/20
Cherokee,68,5/2/20
Cheyenne,3,5/9/20
Sherman,4,5/9/20
Wallace,2,5/9/20
Greeley,1,5/9/20
Hamilton,3,5/9/20
Stanton,1,5/9/20
Morton,1,5/9/20
Rawlins,5,5/9/20
Thomas,18,5/9/20
Logan,9,5/9/20
Wichita,3,5/9/20
Kearny,6,5/9/20
Grant,13,5/9/20
Stevens,6,5/9/20
Decatur,5,5/9/20
Sheridan,2,5/9/20
Gove,11,5/9/20
Scott,8,5/9/20
Lane,1,5/9/20
Finney,92,5/9/20
Haskell,7,5/9/20
Gray,2,5/9/20
Seward,42,5/9/20
Meade,4,5/9/20
Norton,9,5/9/20
Graham,4,5/9/20
Trego,5,5/9/20
Ness,4,5/9/20
Hodgeman,4,5/9/20
Ford,76,5/9/20
Clark,0,5/9/20
Phillips,6,5/9/20
Rooks,7,5/9/20
Ellis,74,5/9/20
Rush,10,5/9/20
Pawnee,11,5/9/20
Edwards,9,5/9/20
Kiowa,2,5/9/20
Comanche,5,5/9/20
Smith,11,5/9/20
Osborne,3,5/9/20
Russell,18,5/9/20
Barton,55,5/9/20
Stafford,9,5/9/20
Pratt,44,5/9/20
Barber,10,5/9/20
Jewell,4,5/9/20
Mitchell,10,5/9/20
Lincoln,8,5/9/20
Ellsworth,15,5/9/20
Rice,22,5/9/20
Reno,234,5/9/20
Kingman,32,5/9/20
Harper,12,5/9/20
Republic,8,5/9/20
Cloud,23,5/9/20
Ottawa,62,5/9/20
Saline,607,5/9/20
McPherson,99,5/9/20
Harvey,106,5/9/20
Sedgwick,3400,5/9/20
Sumner,111,5/9/20
Washington,7,5/9/20
Clay,26,5/9/20
Dickinson,73,5/9/20
Marion,23,5/9/20
Butler,283,5/9/20
Cowley,97,5/9/20
Marshall,23,5/9/20
Riley,202,5/9/20
Geary,147,5/9/20
Morris,15,5/9/20
Chase,5,5/9/20
Nemaha,6,5/9/20
Pottawatomie,61,5/9/20
Wabaunsee,18,5/9/20
Lyon,138,5/9/20
Greenwood,14,5/9/20
Elk,5,5/9/20
Chautauqua,7,5/9/20
Brown,24,5/9/20
Jackson,46,5/9/20
Shawnee,640,5/9/20
Osage,37,5/9/20
Coffey,19,5/9/20
Woodson,10,5/9/20
Wilson,30,5/9/20
Montgomery,152,5/9/20
Doniphan,14,5/9/20
Atchison,36,5/9/20
Jefferson,53,5/9/20
Douglas,705,5/9/20
Franklin,79,5/9/20
Anderson,21,5/9/20
Allen,38,5/9/20
Neosho,42,5/9/20
Labette,123,5/9/20
Leavenworth,244,5/9/20
Wyandotte,695,5/9/20
Johnson,1949,5/9/20
Miami,81,5/9/20
Linn,29,5/9/20
Bourbon,54,5/9/20
Crawford,154,5/9/20
Cherokee,41,5/9/20
Cheyenne,4,5/16/20
Sherman,8,5/16/20
Wallace,1,5/16/20
Greeley,1,5/16/20
Hamilton,2,5/16/20
Stanton,4,5/16/20
Morton,3,5/16/20
Rawlins,2,5/16/20
Thomas,13,5/16/20
Logan,4,5/16/20
Wichita,2,5/16/20
Kearny,5,5/16/20
Grant,8,5/16/20
Stevens,10,5/16/20
Decatur,3,5/16/20
Sheridan,4,5/16/20
Gove,2,5/16/20
Scott,15,5/16/20
Lane,1,5/16/20
Finney,84,5/16/20
Haskell,5,5/16/20
Gray,7,5/16/20
Seward,48,5/16/20
Meade,5,5/16/20
Norton,4,5/16/20
Graham,3,5/16/20
Trego,3,5/16/20
Ness,4,5/16/20
Hodgeman,1,5/16/20
Ford,65,5/16/20
Clark,5,5/16/20
Phillips,4,5/16/20
Rooks,12,5/16/20
Ellis,76,5/16/20
Rush,7,5/16/20
Pawnee,10,5/16/20
Edwards,6,5/16/20
Kiowa,6,5/16/20
Comanche,2,5/16/20
Smith,3,5/16/20
Osborne,5,5/16/20
Russell,16,5/16/20
Barton,89,5/16/20
Stafford,9,5/16/20
Pratt,20,5/16/20
Barber,6,5/16/20
Jewell,1,5/16/20
Mitchell,9,5/16/20
Lincoln,4,5/16/20
Ellsworth,13,5/16/20
Rice,32,5/16/20
Reno,225,5/16/20
Kingman,29,5/16/20
Harper,10,5/16/20
Republic,1,5/16/20
Cloud,15,5/16/20
Ottawa,25,5/16/20
Saline,270,5/16/20
McPherson,91,5/16/20
Harvey,133,5/16/20
Sedgwick,3097,5/16/20
Sumner,102,5/16/20
Washington,8,5/16/20
Clay,14,5/16/20
Dickinson,49,5/16/20
Marion,22,5/16/20
Butler,249,5/16/20
Cowley,142,5/16/20
Marshall,22,5/16/20
Riley,224,5/16/20
Geary,104,5/16/20
Morris,6,5/16/20
Chase,11,5/16/20
Nemaha,20,5/16/20
Pottawatomie,52,5/16/20
Wabaunsee,16,5/16/20
Lyon,96,5/16/20
Greenwood,18,5/16/20
Elk,10,5/16/20
Chautauqua,7,5/16/20
Brown,12,5/16/20
Jackson,48,5/16/20
Shawnee,555,5/16/20
Osage,39,5/16/20
Coffey,20,5/16/20
Woodson,6,5/16/20
Wilson,24,5/16/20
Montgomery,215,5/16/20
Doniphan,13,5/16/20
Atchison,55,5/16/20
Jefferson,53,5/16/20
Douglas,521,5/16/20
Franklin,84,5/16/20
Anderson,19,5/16/20
Allen,31,5/16/20
Neosho,47,5/16/20
Labette,75,5/16/20
Leavenworth,197,5/16/20
Wyandotte,657,5/16/20
Johnson,1770,5/16/20
Miami,84,5/16/20
Linn,32,5/16/20
Bourbon,39,5/16/20
Crawford,152,5/16/20
Cherokee,27,5/16/20
Cheyenne,2,5/23/20
Sherman,13,5/23/20
Wallace,1,5/23/20
Greeley,1,5/23/20
Hamilton,1,5/23/20
Stanton,3,5/23/20
Morton,3,5/23/20
Rawlins,3,5/23/20
Thomas,14,5/23/20
Logan,7,5/23/20
Wichita,0,5/23/20
Kearny,4,5/23/20
Grant,12,5/23/20
Stevens,5,5/23/20
Decatur,5,5/23/20
Sheridan,2,5/23/20
Gove,1,5/23/20
Scott,6,5/23/20
Lane,5,5/23/20
Finney,70,5/23/20
Haskell,4,5/23/20
Gray,2,5/23/20
Seward,50,5/23/20
Meade,4,5/23/20
Norton,6,5/23/20
Graham,4,5/23/20
Trego,5,5/23/20
Ness,2,5/23/20
Hodgeman,4,5/23/20
Ford,60,5/23/20
Clark,4,5/23/20
Phillips,6,5/23/20
Rooks,10,5/23/20
Ellis,67,5/23/20
Rush,14,5/23/20
Pawnee,9,5/23/20
Edwards,5,5/23/20
Kiowa,1,5/23/20
Comanche,2,5/23/20
Smith,5,5/23/20
Osborne,5,5/23/20
Russell,13,5/23/20
Barton,212,5/23/20
Stafford,7,5/23/20
Pratt,25,5/23/20
Barber,11,5/23/20
Jewell,4,5/23/20
Mitchell,5,5/23/20
Lincoln,5,5/23/20
Ellsworth,9,5/23/20
Rice,28,5/23/20
Reno,189,5/23/20
Kingman,27,5/23/20
Harper,15,5/23/20
Republic,2,5/23/20
Cloud,12,5/23/20
Ottawa,20,5/23/20
Saline,217,5/23/20
McPherson,115,5/23/20
Harvey,104,5/23/20
Sedgwick,2805,5/23/20
Sumner,76,5/23/20
Washington,7,5/23/20
Clay,32,5/23/20
Dickinson,50,5/23/20
Marion,24,5/23/20
Butler,222,5/23/20
Cowley,103,5/23/20
Marshall,15,5/23/20
Riley,493,5/23/20
Geary,118,5/23/20
Morris,8,5/23/20
Chase,5,5/23/20
Nemaha,19,5/23/20
Pottawatomie,126,5/23/20
Wabaunsee,19,5/23/20
Lyon,82,5/23/20
Greenwood,19,5/23/20
Elk,11,5/23/20
Chautauqua,7,5/23/20
Brown,20,5/23/20
Jackson,30,5/23/20
Shawnee,503,5/23/20
Osage,39,5/23/20
Coffey,19,5/23/20
Woodson,17,5/23/20
Wilson,247,5/23/20
Montgomery,312,5/23/20
Doniphan,10,5/23/20
Atchison,47,5/23/20
Jefferson,50,5/23/20
Douglas,629,5/23/20
Franklin,95,5/23/20
Anderson,25,5/23/20
Allen,104,5/23/20
Neosho,75,5/23/20
Labette,90,5/23/20
Leavenworth,242,5/23/20
Wyandotte,726,5/23/20
Johnson,1710,5/23/20
Miami,74,5/23/20
Linn,36,5/23/20
Bourbon,77,5/23/20
Crawford,228,5/23/20
Cherokee,87,5/23/20
Cheyenne,1,5/30/20
Sherman,8,5/30/20
Wallace,1,5/30/20
Greeley,2,5/30/20
Hamilton,1,5/30/20
Stanton,1,5/30/20
Morton,6,5/30/20
Rawlins,0,5/30/20
Thomas,9,5/30/20
Logan,7,5/30/20
Wichita,2,5/30/20
Kearny,6,5/30/20
Grant,11,5/30/20
Stevens,3,5/30/20
Decatur,3,5/30/20
Sheridan,3,5/30/20
Gove,4,5/30/20
Scott,4,5/30/20
Lane,1,5/30/20
Finney,60,5/30/20
Haskell,4,5/30/20
Gray,2,5/30/20
Seward,35,5/30/20
Meade,2,5/30/20
Norton,3,5/30/20
Graham,5,5/30/20
Trego,4,5/30/20
Ness,4,5/30/20
Hodgeman,0,5/30/20
Ford,60,5/30/20
Clark,2,5/30/20
Phillips,6,5/30/20
Rooks,4,5/30/20
Ellis,35,5/30/20
Rush,5,5/30/20
Pawnee,6,5/30/20
Edwards,3,5/30/20
Kiowa,1,5/30/20
Comanche,2,5/30/20
Smith,4,5/30/20
Osborne,4,5/30/20
Russell,12,5/30/20
Barton,75,5/30/20
Stafford,4,5/30/20
Pratt,19,5/30/20
Barber,4,5/30/20
Jewell,2,5/30/20
Mitchell,6,5/30/20
Lincoln,5,5/30/20
Ellsworth,16,5/30/20
Rice,19,5/30/20
Reno,188,5/30/20
Kingman,19,5/30/20
Harper,8,5/30/20
Republic,8,5/30/20
Cloud,18,5/30/20
Ottawa,18,5/30/20
Saline,207,5/30/20
McPherson,62,5/30/20
Harvey,62,5/30/20
Sedgwick,2776,5/30/20
Sumner,84,5/30/20
Washington,11,5/30/20
Clay,28,5/30/20
Dickinson,65,5/30/20
Marion,25,5/30/20
Butler,214,5/30/20
Cowley,89,5/30/20
Marshall,12,5/30/20
Riley,198,5/30/20
Geary,97,5/30/20
Morris,25,5/30/20
Chase,2,5/30/20
Nemaha,13,5/30/20
Pottawatomie,52,5/30/20
Wabaunsee,20,5/30/20
Lyon,100,5/30/20
Greenwood,10,5/30/20
Elk,6,5/30/20
Chautauqua,12,5/30/20
Brown,15,5/30/20
Jackson,43,5/30/20
Shawnee,535,5/30/20
Osage,51,5/30/20
Coffey,23,5/30/20
Woodson,8,5/30/20
Wilson,40,5/30/20
Montgomery,231,5/30/20
Doniphan,9,5/30/20
Atchison,41,5/30/20
Jefferson,57,5/30/20
Douglas,610,5/30/20
Franklin,73,5/30/20
Anderson,19,5/30/20
Allen,45,5/30/20
Neosho,30,5/30/20
Labette,46,5/30/20
Leavenworth,187,5/30/20
Wyandotte,538,5/30/20
Johnson,1452,5/30/20
Miami,89,5/30/20
Linn,30,5/30/20
Bourbon,118,5/30/20
Crawford,104,5/30/20
Cherokee,58,5/30/20
Cheyenne,1,6/6/20
Sherman,10,6/6/20
Wallace,0,6/6/20
Greeley,1,6/6/20
Hamilton,1,6/6/20
Stanton,3,6/6/20
Morton,5,6/6/20
Rawlins,11,6/6/20
Thomas,7,6/6/20
Logan,4,6/6/20
Wichita,3,6/6/20
Kearny,0,6/6/20
Grant,12,6/6/20
Stevens,5,6/6/20
Decatur,3,6/6/20
Sheridan,1,6/6/20
Gove,3,6/6/20
Scott,12,6/6/20
Lane,1,6/6/20
Finney,70,6/6/20
Haskell,1,6/6/20
Gray,6,6/6/20
Seward,38,6/6/20
Meade,3,6/6/20
Norton,6,6/6/20
Graham,6,6/6/20
Trego,2,6/6/20
Ness,2,6/6/20
Hodgeman,1,6/6/20
Ford,94,6/6/20
Clark,4,6/6/20
Phillips,2,6/6/20
Rooks,8,6/6/20
Ellis,36,6/6/20
Rush,9,6/6/20
Pawnee,6,6/6/20
Edwards,2,6/6/20
Kiowa,3,6/6/20
Comanche,6,6/6/20
Smith,5,6/6/20
Osborne,4,6/6/20
Russell,9,6/6/20
Barton,68,6/6/20
Stafford,6,6/6/20
Pratt,20,6/6/20
Barber,3,6/6/20
Jewell,1,6/6/20
Mitchell,7,6/6/20
Lincoln,6,6/6/20
Ellsworth,10,6/6/20
Rice,24,6/6/20
Reno,159,6/6/20
Kingman,24,6/6/20
Harper,13,6/6/20
Republic,2,6/6/20
Cloud,20,6/6/20
Ottawa,14,6/6/20
Saline,243,6/6/20
McPherson,45,6/6/20
Harvey,75,6/6/20
Sedgwick,2669,6/6/20
Sumner,120,6/6/20
Washington,7,6/6/20
Clay,15,6/6/20
Dickinson,60,6/6/20
Marion,20,6/6/20
Butler,254,6/6/20
Cowley,75,6/6/20
Marshall,9,6/6/20
Riley,202,6/6/20
Geary,95,6/6/20
Morris,5,6/6/20
Chase,5,6/6/20
Nemaha,11,6/6/20
Pottawatomie,60,6/6/20
Wabaunsee,11,6/6/20
Lyon,82,6/6/20
Greenwood,22,6/6/20
Elk,6,6/6/20
Chautauqua,8,6/6/20
Brown,17,6/6/20
Jackson,29,6/6/20
Shawnee,504,6/6/20
Osage,33,6/6/20
Coffey,10,6/6/20
Woodson,7,6/6/20
Wilson,24,6/6/20
Montgomery,125,6/6/20
Doniphan,12,6/6/20
Atchison,48,6/6/20
Jefferson,42,6/6/20
Douglas,394,6/6/20
Franklin,77,6/6/20
Anderson,17,6/6/20
Allen,43,6/6/20
Neosho,33,6/6/20
Labette,72,6/6/20
Leavenworth,155,6/6/20
Wyandotte,562,6/6/20
Johnson,1418,6/6/20
Miami,70,6/6/20
Linn,21,6/6/20
Bourbon,45,6/6/20
Crawford,90,6/6/20
Cherokee,47,6/6/20